Name: Weak_Opioids
Created By: m.mohammad@bham.ac.uk
Created On: 2022-09-12
Contains codes for: IMRD (version: 2021-06-29) CEGEDIM (version: 2021-06-29) CPRD_AURUM (version: 2021-07-19) CPRD_GOLD (version: 2021-02-08) UHB
Keywords: [+10, +12.8, +15, +20, +250, +3, +30, +4, +400, +5, +50, +500, +6.25, +6.8, +60, +7.46, +8, +9, -100, -30, -60, ./diphenhydramine, ./doxylamine, /codeine, /diphenhydramine, /ment, /par, /paracetamol, 1, 1.000, 1.1, 1.14, 1.140, 1.35, 1.4, 1.5, 1.9, 10, 10.000, 10/500mg1-2, 100, 100.000, 1000, 1000mg, 100mg, 100mg/1ml, 100mg/2ml, 100mg/ml, 100mg/sachet, 100microgram, 105, 10mg, 10mg/1ml, 10mg/5, 10mg/500mg, 10mg/500mg/5ml, 10mg/5ml, 10mg/g, 10mg/paracetamol, 10mgtabletoral, 11.5, 112, 118, 12, 12.5, 12.8, 12.800, 120.000, 120mg, 13.5, 14, 140, 14mg, 15, 15.000, 15/5001, 15/5001-2, 15/5002, 15/500mg, 15/500mg1-2, 15/500mg2, 15/paracetamol, 150, 150.000, 150mg, 15mg, 15mg/1ml, 15mg/500mg, 15mg/500mg1-2, 15mg/500mg15, 15mg/5ml, 16, 16.75, 16mg/5ml, 1gram, 1mg, 1mg/1mg, 1mg/1ml, 2, 2.000, 2.50, 2.8, 2.800, 20, 20.000, 200, 200.000, 2000, 200mg, 200mg/12.8mg, 20mg, 20mg/300mg, 20mg/500mg, 220.000, 220microgram/1ml, 24, 24hr, 25, 25.000, 250, 250mg, 25mg, 25mg/1gram, 25mg/5ml, 28, 2mg, 2mg/1ml, 3, 3.000, 3.2, 3.6, 30, 30.000, 30/500, 30/5001, 30/5001-2, 30/5002, 300, 300.000, 300mg, 300mg/1ml, 30mg, 30mg/1ml, 30mg/500mg, 30mg/500mg/5ml, 30mg/5ml, 30mg/ml, 32, 32.5, 325.000, 325mg, 325mg/37.5mg1, 342mg, 37.5, 37.500, 3mg, 3mg/1ml, 3mg/5ml, 4, 40.000, 400.000, 400/8, 400mg, 400microgram/1ml, 40mg, 450.000, 450mg, 450mg/codeine, 48, 5, 5.000, 5.7, 50, 50.000, 500, 500.000, 500mg, 500mg/10mg, 500mg/20mg, 500mg/30mg, 500mg/5ml, 500mg/codeine, 500mgtabletoral, 50mg, 50mg/1ml, 50mg/5ml, 50mg/ml, 50mg/sachet, 54.64, 56, 57mg, 5mg, 5mg/1ml, 5mg/5ml, 6, 6.000, 6.25, 6.250, 6.5, 6.75, 6.8, 60, 60.000, 600.000, 600microgram/1ml, 60mg, 60mg/1000mg, 60mg/1ml, 60mg/5ml, 60mg/ml, 650.000, 650mg, 650mgtabletoral, 65mg, 6mg, 6mg/1ml, 7, 7.46, 7.460, 7.5, 75, 75.000, 75mg, 75mg/25mg, 75mg/5ml, 7mg/5ml, 8, 8.000, 8.1, 8/500, 8/5001, 8/5001-2, 8/5002, 8mg, 8mg/400mg, 8mg/500mg, 8mg/500mg/5ml, 8mgeffervescent, 8mgtabletoral, 9, 90, 90.000, 90mg, 90mg/5ml, 9mg, accord, aceon, acetylsalicylic, acid, acid/codeine, acid/diphenhydramine, actavis, administration, advanz, alliance, almirall, almus, ampoule, ampoules, antoin, applicable, approved, arrow, aspar, aspire, aspirin, aspirin/caffeine/codeine, aspirin/codeine, auden, aurum, b.v, bailly, bayer, bell, benckiser, benylin, berk, boots, boston, brimisol, bristol, brompheniramine, brooks, brown, buclizine, burk, c, caffeine, caffeine/codeine, caffeine/hyoscine, caffeine/paracetamol/codeine, calcium, calpol, cap, capcapsuleoral, caplet, caplets, capsule, capsule10, capsule2, capsule3, capsule4, capsule5, capsule6, capsuleoral, capsules, carbonate/caffeine, celltech, ceuta, chiesi, chloride, chloroxylenol, cilag, cit, citrate, citrate/citric, citrate/codeine, co, co-codamol, co-codaprin, co-dydramol, co-operative, cod, codafen, codamol, codanin, codaprin, codeine, codeine/guaiacol, codipar, codis, colorama, company, consilient, consumer, continus, copholco, copholcoids, creosote, crescent, cst, cubic, cuprofen, de, dendron, dexketoprofen, dextromethorphan, df, df118, dhc, diabetic, diarrest, dicycloverine, dihydrocodeine, dihydrodrocodeine, dimotane, diphenhydramine, dispersible, distribution, distributions, division, dowelhurst, doxylamine, dromadol, drops, druggists, duncan, dydramol, dypracet, easy, eff, effervescent, eli, elite, elixir, emcozin, endo, ennogen, eroset, ethigen, europe, expectorant, express, extra, family, fannin, farmaceutica, feminax, flockhart, focus, formulix, forte, free, g/10ml, g/5ml, galake, galcodine, galen, galpharm, gastro, gastro-resistant, gel, generic, generics, genus, glaxosmithkline, gram, grunenthal, guaiacol, guaifenesin, h, hameln, headache, health, healthcare, hillcross, hoseason, hough, hyd, hyd/codeine, hyd/promethazine, hydrate, hydrate/codeine, hydrobromide/caffeine, hydrobromide/codeine, hydrochloride, hydrochloride/alcohol, hydrochloride/ascorbic, hydrochloride/caffeine, hydrochloride/codeine, hydrochloride/morphine, hydrochloride/paracetamol, hydrochloride/paracetamol/codeine, hydrochloride/paracetamol75mg, hydrochloride/triprolidine, hydrochloride100mgmodified, hydrochloride100mgmodified-release, hydrochloride325mg, hydrochloride50mgcapsuleoral, hyoscine, hypon, ibuprofen, ibuprofen/codeine, icarus, industries, ingredient, injection, insts, international, internazionale, intramuscular, intramuscular/subcutaneous, intravenous, intravenous/intramuscular, invodol, ivax, j, kalceks, kaodene, kaolin, kapake, kent, ketoprofen, l, laboratories, lagap, lambert, larapam, levomenthol, lexon, life, light, lin, linctifed, linctus, linctus15, liquid, lloyds, ltd, lysine, m, mabron, magnesium, maleate, maleate/codeine, maleate/pseudoephedrine, management, maneo, manufacturer, marol, martindale, mawdsley, mawdsley-brooks, max, maxitram, mcgill, mckenzie, mcneil, medical, medicines, medihealth, medocodene, medreich, melt, menarini, menthol, menthol/cineole/pholcodine/terpin, menthol/codeine, menthol/terpin, meptazinol, meptid, merck, mg, mg/1.000mg, mg/1.000ml, mg/1ml, mg/325mg, mg/5, mg/500mg, mg/5mhcl, mg/5ml, mg/5mlliquidgastrost, mg/5mlliquidoral, mg/sachet, mgcapsuleoral, mgdispersible, mginjectionint.bolus, mginjectionint.infus, mgmodified, mgoral, mgtabletgastrost, mgtabletoral, microgram/1.000ml, migraine, migraleve, milpharm, mix, mixture, ml, modified, modified-release, morningside, mr60, mr90, mylan, napp, naproxen, neo, niche, nicotinam, night, night-time, nobligan, northern, northstar, noumed, nucare, numark, nurofen, obg, oldaram, omega, omnopon, operative, oral, order, orodispersible, oromucosal, p, paed, paediatric, pain, painex, panadeine, panadol, papaveretum, paracetam/dyhydrocodeine, paracetamo, paracetamol, paracetamol/caffeine, paracetamol/caffeine/codeine, paracetamol/codeine, paracetamol/dihydrocodeine, paracetamol/doxylamine, paracetamol/tramadol, paracetamol500mg, paracodol, parahypon, parake, paramol, pardale, paste, pastille, pastilles, peadiatric, period, pfizer, pharma, pharma-z, pharmaceutical, pharmaceuticals, pharmachem, pharmacia, pharmacy, pharmidone, phensedyl, phenylephrine, phoenix, pholcodine, phos, phos/docusate, phos/ephedrine, phos/guaiphenesin/pseudoephedrin, phos/ibuprofen, phos/paracet, phosphate, phosphate/aspirin, phosphate/aspirintablet, phosphate/caffeine, phosphate/dicycloverine, phosphate/diphenhydramine, phosphate/doxylamine, phosphate/guaifenesin/pseudoephedrine, phosphate/hyoscine, phosphate/ibuprofen, phosphate/kaolin, phosphate/levomenthol, phosphate/papaverine, phosphate/parac, phosphate/paracetamol, phosphate/paracetamol/aspirin, phosphate/paracetamol/caffeine, phosphate/paracetamol/diphenhydramine, phosphate/paracetamol/phenylephrine, phosphate/paracetamol/sodium, phosphate/paracetamol30mg, phosphate/promethazine, phosphate/pseudoephedrine, phosphate15, phosphate15mgsuppositoryrectal, phosphate25, phosphate30, phosphate3mg/1mloral, phosphate45, phosphate500mg, phosphate60, pinewood, pink, pink2, piroxicam, plc, pliva, plus, poulenc, powder, pr, prescription, products, promethazine, propain, pseudoephedrine, pulmo, qdem, ranbaxy, ransom, reckitt, rectal, release, relief, relonchem, remedeine, resistant, retard, rhone, rhone-poulenc, robitussin, roche, roi, rorer, rosemont, ross, route, rusco, sachet, sachets, safapryn, salts, sandoz, sankyo, sanofi, sanofi-synthelabo, schwarz, sciences, services, sf, shire, sigma, skudexa, sod, sodium, solpadeine, solpadol, solpaflex, soluble, solutio, solution, solutionnasogas, solutionoral, somex, sons, sovereign, special, specials, sr, sr100, sr150, sr200, sr50, srl, ssl, sterwin, subcutaneous, subcutaneous/intravenous/intramuscular, succi, succinate, succinate/caffeine/codeine, succinate/paracetamol, sugar, sugar-free, sumatriptan, sun, sup, suppositories, suppositoriescodeine, suppository, surrey, suspension, swallow, syndol, synthelabo, syrup, tab, tabdispersible, tablet, tablet1, tablet10, tablet15, tablet2, tablet25, tablet3, tablet4, tablet5, tablet6, tablet8, tabletnasogas, tabletoral, tablets, tabletstramadol, tabtabletoral, tartrate, tartrate/aspirin, tartrate/paracetamol, tartrate30, tartrate30mgtabletoral, tartrate500mg, tartrate60, terpin, terpineol, terpineol/chloroxylenol, terpoin, teva, thornton, tillomed, tilodol, time, torbay, torrent, tradorec, tramacet, tramadol, tramadol100, tramadol50, tramadolcapsuleoral, tramake, tramquel, tramulief, transdermal, trapadex, triprolidine, tylex, ucb, uk, ultra, ultramol, unknown, unlimited, vantage, veganin, ventures, vitamin, warner, waymade, wellcome, william, winthrop, wockhardt, wyeth, x, xl, yellow, yorkshire, z, zamadol, zanza, zapain, zentiva, zeridame, zydol, zytram]