Name: Anticonvulsants_MM_mod
Created By: m.mohammad@bham.ac.uk
Created On: 2022-10-18
Contains codes for: IMRD (version: 2021-06-29) CEGEDIM (version: 2021-06-29) CPRD_AURUM (version: 2022-10-10) CPRD_GOLD (version: 2021-02-08) UHB
Keywords: [+5, +600, -10, -2, -30, -4, -5, -50, /ml, 0.025, 0.029, 0.05, 0.075, 0.1, 0.15, 0.2, 0.21, 0.32, 0.4, 0.5, 0.8, 0.9, 1, 1.000, 1.125, 1.2, 1.200, 1.23, 1.24, 1.25, 1.5, 1.7, 10, 10.000, 100, 100.000, 1000, 1000mg, 100mg, 100mg/100ml, 100mg/1ml, 100mg/50ml, 100mg/5ml, 100mg/ml, 100microgram/1ml, 100micrograms/5ml, 100ml, 102, 105, 10mg, 10mg/10ml, 10mg/1ml, 10mg/2.5ml, 10mg/2ml, 10mg/5ml, 10mg/ml, 10mg10, 10microgram/1ml, 10ml, 112, 118, 11mg/5ml, 12, 12.000, 12.5, 12.500, 12.6, 1200mg, 120mg/1ml, 120mg/5ml, 120mg120, 120micrograms/5ml, 125, 125.000, 125mg, 125mg/5ml, 125micrograms/5ml, 125ml, 12mg, 12mg/1ml, 12mg/5ml, 14, 15, 15.000, 150, 150.000, 150mg, 150mg/30ml, 150mg/5ml, 150micrograms/5ml, 157.5, 15mg, 15mg/1ml, 15mg/3ml, 15mg/5ml, 15mg/ml, 15mg15, 16.8, 160mg/1ml, 160micrograms/5ml, 16mg/5ml, 17.784, 17mg/5ml, 18, 18.000, 18.614, 180mg/5ml, 180micrograms/5ml, 185mg/3ml, 18mg/1ml, 18mg/5ml, 192.000, 192mg, 1g, 1g/100ml, 1g/10ml, 1gram, 1litre, 1mg, 1mg/1mg, 1mg/1ml, 1mg/5ml, 1mg/ml, 1ml, 2, 2.000, 2.2, 2.200, 2.4, 2.5, 2.500, 2.7, 2.700, 20, 20.000, 200, 200.000, 200mg, 200mg/1ml, 200mg/20ml, 200mg/50ml, 200mg/5ml, 200mg/ml, 200microgram/1ml, 200micrograms/5ml, 204, 20mg, 20mg/1ml, 20mg/4ml, 20mg/5ml, 20mg/ml, 20mg20, 20ml, 20mmol/1litre, 21, 21mg/5ml, 225, 225.000, 225mg, 225mg/5ml, 230, 247.5, 25, 25.000, 250, 250.000, 250mg, 250mg/5ml, 250microgram, 250micrograms/5ml, 250ml, 25mg, 25mg/1ml, 25mg/5ml, 25mg/ml, 25microgram/1ml, 25micrograms/5ml, 270, 28, 28.5, 280, 2mg, 2mg/1ml, 2mg/2ml, 2mg/5ml, 2mg/ml, 2ml, 2mmol/ml, 3, 3.000, 3.5, 3.75, 30, 30.000, 300, 300.000, 300mg, 300mg/3ml, 300mg/5ml, 300microgram/1ml, 300micrograms/5ml, 30mg, 30mg/1ml, 30mg/5ml, 30mg30, 31.5, 312.5, 32.5, 33, 330micrograms/5ml, 333.3, 333.300, 340, 340micrograms/5ml, 34mg/5ml, 350mg/5ml, 350micrograms/5ml, 35mg/5ml, 36mg/5ml, 37.5, 375micrograms/5ml, 3mg, 3mg/1ml, 3mg/5ml, 3microlitre/1ml, 3ml, 4, 4.000, 40, 40.000, 400, 400.000, 400mg, 400mg/4ml, 400mg/5ml, 400microgram/1ml, 400micrograms/5ml, 40mg/1ml, 40mg/5ml, 40mg/ml, 42, 42mg/5ml, 450mg/5ml, 450micrograms/5ml, 45mg/5ml, 46.67, 460, 47.5, 470, 473, 4mg, 4mg/1ml, 4mg/5ml, 4ml, 5, 5.000, 5.5, 50, 50.000, 500, 500.000, 500mcg, 500mg, 500mg/100ml, 500mg/1ml, 500mg/5ml, 500microgram, 500microgram/1ml, 500microgram/5ml, 500micrograms/5ml, 500micrograms/ml, 500ml, 50mg, 50mg/10ml, 50mg/1ml, 50mg/50ml, 50mg/5ml, 50mg/ml, 50mg50, 50microgram/1ml, 50micrograms/5ml, 50ml, 51, 52.5, 54mg/5ml, 55mg/5ml, 56, 5g/5ml, 5mg, 5mg/0.5ml, 5mg/1ml, 5mg/2.5ml, 5mg/25ml, 5mg/2ml, 5mg/5ml, 5mg/ml, 5mg5, 5microgram/1ml, 5ml, 5mmol/500ml, 6, 6.000, 6.25, 6.8, 60, 60.000, 600.000, 600mg, 600mg/5ml, 600micrograms/5ml, 60mg, 60mg/1gram, 60mg/1ml, 60mg/5ml, 60mg/60ml, 60mg/ml, 60mg60, 62.5, 625micrograms/5ml, 63, 65, 65mg/5ml, 67.5, 6mg, 6mg/1ml, 6mg/5ml, 7, 7.5, 70, 700, 700mg/5ml, 700microgram/1ml, 700micrograms/5ml, 70mg/1ml, 70mg/5ml, 72.5, 75.000, 750, 750.000, 750mg, 750mg/10ml, 750micrograms/5ml, 75mg, 75mg/1ml, 75mg/5ml, 7mg/5ml, 8, 8.000, 80.000, 800.000, 800mg, 800mg/5ml, 800microgram/1ml, 80mg/1ml, 80mg/5ml, 80micrograms/5ml, 84, 84mg/5ml, 850mg, 85mg/5ml, 875micrograms/5ml, 8mg, 8mg/1ml, 8mg/5ml, 8mg/ml, 8mmol/1litre, 9.5, 90, 900micrograms/5ml, 90mg/18ml, 90mg/5ml, 99.489, 9mg/1ml, 9mg/5ml, accord, acetate, acid, acid250, acid300, acid500, acid625, actavis, add, add-on, adifax, administration, advanz, alan, alcohol, alcohol-free, alkaline, alkaloids, allergan, alliance, almus, alprazolam, aluminium, alzain, aminoglutethimide, amitriptyline, ampoule, ampoules, ampoulesmidazolam, anhydrous, antigen, apotex, applicable, applied, approved, arbil, aristo, arrow, arzneimittal, arzneimittel, aspire, astrazeneca, atensine, ativan, atnahs, aurobindo, aventis, axalid, b.v, bag, bags, bayer, beacon, belladonna, belvo, berk, bicarbonate, biology, boehringer, boots, bottle, bottles, bowmed, bristol, brivaracetam, briviact, bromazepam, bromide, brooks, brown, buccal, buccolam, burk, c, c/r, calcium, canada, cannabidiol, cannabidiol100mg/1mloral, cantil, cap, capsule, capsule10, capsule12, capsule2, capsule3, capsule4, capsule6, capsule7, capsule8, capsuleoral, capsules, carbagen, carbamazepine, carbamazepine0, carbamazepine100, carbamazepine150, carbamazepine200, carbamazepine200mgtabletoral, carbamazepine20mg/1mloral, carbamazepine250, carbamazepine300, carbamazepine400, carbamazepine400mgmodified, carbamazepine400mgmodified-release, carbamazepine50, care, carpuject, cartridge, cartridges, celltech, celontin, cenobamate, centrax, chemidex, cheplapharm, chewable, chewtabs, chlordiazepoxide, chlordiazepoxide/clidinium, chlordiazepoxide10, chlordiazepoxide100, chlordiazepoxide20, chlordiazepoxide30, chlordiazepoxide5, chlordiazepoxide60, chlordiazepozide, chloride, chloroform/sodium, chrono, chronosphere, cilag, clidinium, clobazam, clobazam10, clomethiazole, clomethiazole192mgcapsuleoral, clonazepam, clonazepam0.5, clonazepam1.5, clonazepam100, clonazepam1000, clonazepam1500, clonazepam2, clonazepam250, clonazepam4, clonazepam5, clonazepam500, clonazepam500microgramtabletoral, clonazepam750, clorazepate, colonis, colorama, colour, company, concentrate, concord, consilient, convulex, cr, cream, creo, crescent, crosspharma, crushable, cst, cubic, cutaneous, dalmane, davis, ddsa, de, depakin, depakote, desitin, desitrend, desizon, dexcel, dexcel-pharma, dexfenfluramine, diacomit, diazemuls, diazepam, diazepam1, diazepam10, diazepam11, diazepam2, diazepam2.5, diazepam2.5-5, diazepam4, diazepam5, diazepam6, diazepam7, diazepam8, dibro, dibro-be, dilantin, diluent, dipotassium, dispersible, disposable, distribution, distributions, dormicum, dormonoct, dose, dose2, dose3, dose4, doses, dowelhurst, dr, dried, dronabinol, dronabinol/cannabidiol, drops, drug, dumex, durbin, dyzantil, e/c, ec, edisilate, eisai, elixir, emeside, emulsion, endo, ennogen, epanutin, epesri, epidiolex, epidyolex, epilim, epimaz, episenta, epistatus, epival, eslicarbazepine, essential, ethosuximide, europe, evacalm, fannin, fc, felbamate, felbatol, fenfluramine, filled, flunitrazepam, flurazepam, flynn, focus, fosphenytoin, france, free, freecannabidiol100mg/1mloral, frisium, fycompa, g, g.l, g/100ml, gabapentin, gabapentin0, gabapentin100, gabapentin100mgcapsuleoral, gabapentin1200, gabapentin1500, gabapentin1800, gabapentin200, gabapentin2400, gabapentin300, gabapentin300mgcapsuleoral, gabapentin400, gabapentin400mgcapsuleoral, gabapentin500, gabapentin600, gabapentin600mgtabletoral, gabapentin700, gabapentin800, gabapentin900, gabapentincapsuleoral, gabitril, galen, gardenal, gastro, gastro-resistant, gastroenteral, generics, genesis, genlev, gentian, gentian/phenobarbital/sodium, genus, germany, ggastro, ginjectionint.bolus, ginjectionint.infus, glaxosmithkline, glenmark, gliquidoral, gluconate, glucose, gmbh, goral, gram, granules, gtabletoral, guaifenesin, gw, h, hameln, hcl, health, healthcare, heminevrin, heptahydrate, hillcross, hoechst, hospira, hydrochloride, hydrochloride/chlordiazepoxide, hydrochloride10mgcapsuleoral, hydrochloride1mg/1mlsolution, hydrochloride4mg/1mlsolution, hydrochloride5mg/1mlsolution, hydrochoride, hydroxide, hydroxide/magnesium, hypnovel, ibisqus, icarus, icn, idis, im, imported, industries, infatabs, infusion, infusionintravenous, infusions, ingelheim, inj, injection, injectionintramuscular/intravenous, injectionintravenous, inovelon, intramuscular, intramuscular/intravenous, intramuscular/rectal/intravenous, intramuscular/subcutaneous/intravenous, intrapharm, intravenous, intravenous/intramuscular, intravenous/intramuscular/subcutaneous, intravenous/subcutaneous/intramuscular, ireland, italy, iv, ivax, izinova, j, janssen, janssen-cilag, kalceks, kapseals, kent, keppra, kevesy, kigabeq, klonopin, laboratories, labs, lacosamide, lacosamide200, lacosamide500, lacosamide50mgtabletoral, lagap, lamictal, lamotrigine, lamotrigine100, lamotrigine125, lamotrigine150, lamotrigine200mgtabletoral, lamotrigine225, lamotrigine25, lamotrigine250, lamotrigine25mgdispersible, lamotrigine25mgtabletoral, lamotrigine300, lamotrigine325, lamotrigine50, lamotrigine500, lamotrigine50mgtabletoral, lamotrigine550, lamotrigine5mgdispersible, lamotrigine75, lecaent, levetiracetam, levetiracetam1, levetiracetam1000, levetiracetam100mg/1mloral, levetiracetam100mg/1mlsolution, levetiracetam125, levetiracetam1500, levetiracetam1750, levetiracetam2000, levetiracetam250, levetiracetam2500, levetiracetam250mgtabletoral, levetiracetam500, levetiracetam500mgtabletoral, levetiracetam750, lexon, lexotan, libraxin, librium, life, light/magnesium, limbitrol, liq, liquid, liskantin, loprazolam, loramet, lorazepam, lorazepam.5, lorazepam0.25, lorazepam0.5, lorazepam0.5-1, lorazepam1, lorazepam1.5, lorazepam1mgtabletoral, lorazepam2, lorazepam2.5, lorazepam3.75, lorazepam4, lorazepam500, lormetazepam, ltd, luminal, lupin, lyophilisate, lyophilisates, lyrica, m, magnesium, maleate, management, mannheim, marion, martindale, matever, mawdsley, mawdsley-brooks, mcgill, medical, medicines, medihealth, medreich, mepenzolate, mesilate, mesuximide, methylphenobarbital, mg, mg/0.25, mg/0.25ml, mg/0.5, mg/0.5ml, mg/0.75, mg/0.75ml, mg/1, mg/1.000dose, mg/1.000ml, mg/1.25ml, mg/1.5ml, mg/1dose, mg/1ml, mg/5, mg/5ml, mg/dose, mg/ml, mgbuccal, mgcapsulenasogas, mgcapsuleoral, mgdispersible, mgdrug, mgelixiroral, mggastro, mggraseby/mckinley, mginjectionint.bolus, mginjectionint.infus, mginjectioniv, mginjectionmus.injec, mginjectionsubcut, mgliquidgastrost, mgliquidoral, mgoral, mgrectal, mgsuspensiongastrost, mgsuspensionoral, mgtabletgastrost, mgtabletnasogas, mgtabletoral, microggastrost, microginjectionint.bolus, microgoral, microgram, microgram/1.000ml, microgram/1ml, micrograms/5ml, microgtabletnasogas, microgtabletoral, midazolam, midazolam.5, midazolam0.5, midazolam0.5-1, midazolam1, midazolam1.25, midazolam1.25-2.5, midazolam1.5-2.5, midazolam10, midazolam14, midazolam15, midazolam2, midazolam2.5, midazolam2.5-10, midazolam2.5-5, midazolam20, midazolam3, midazolam3.5, midazolam30, midazolam5, midazolam7.5, midazolam8, milpharm, minijet, mixed, mixture, ml, ml/amp, ml1, ml2, mmol/500ml, mmol/ml, mmoladditive, mmoldrug, mmolinjectionint.bolus, mmolinjectionint.infus, modified, modified-release, mogadon, mono, monohydrate, morningside, mr, mr300, mylan, mysoline, nebuliser, necessity, netherlands, neuraxpharm, neurontin, niche, nitrados, nitrazepam, nitrazepam2.5, nitrazepam5, noctamid, non, non-valproate, nootropil, norgine, northern, northstar, noumed, novartis, nrim, numark, oral, order, originalis, orimeten, orlept, orodispersible, oromucosal, ospolot, otc, oxanid, oxazepam, oxazepam10, oxazepam100, oxazepam20, oxazepam30, oxcarbazepine, oxcarbazepine2400, oxide, oy, ozalin, p, pack, pack1x, paediatric, paraldehyde, parenteral, parke, parke-davis, pd, pellets, pentran, perampanel, perampanel10, perampanel500microgram/1mloral, perizam, petinutin, pfizer, pharma, pharma-z, pharmaceutical, pharmaceuticals, pharmachem, pharmaram, pharmvit, phenobarb, phenobarbital, phenobarbital15, phenobarbital30, phenobarbital60, phenobarbitone, phenytoin, phenytoin1, phenytoin100, phenytoin150, phenytoin200, phenytoin240, phenytoin250, phenytoin275, phenytoin450, phenytoin90, phenytoin900, phoenix, pilsco, piracetam, piracetam18.8, plc, pliva, potassium, pow, powder, prazepam, pre, pre-filled, pregabalin, pregabalin100, pregabalin125, pregabalin150, pregabalin150mgcapsuleoral, pregabalin200, pregabalin225, pregabalin25, pregabalin25mgcapsuleoral, pregabalin300, pregabalin300mgcapsuleoral, pregabalin350, pregabalin450, pregabalin50, pregabalin500, pregabalin50mgcapsuleoral, pregabalin600, pregabalin75, prescription, primex, primidone, primidone/phenytoin, primidone250mgtabletoral, primidone50, primidone50mgcapsuleoral, pro, pro-epanutin, products, prolonged, prominal, ranbaxy, ransom, ratiopharm, ready, ready-mixed, rectal, rectal/intramuscular, rectal/intramuscular/intravenous, rectubes, reddys, regent, release, relonchem, remnos, research, reserpine, resistant, retard, retigabine, rewisca, rivopharm, rivotril, roche, rohypnol, rorer, rosemont, ross, roussel, route, rufinamide, s.a, s/f, s/r, sabril, sachet, sachets, saft, sandoz, sanofi, sanofi-synthelabo, sardiazepam, sativex, schering, sciecure, sciences, semi, semisodium, seominal, serb, services, servier, sf, shire, sigma, sinclair, sintetica, sodium, sol, solis, soluble, solution, solutionbuccal, solutiongastrost, solutionnasogas, solutionoral, solvent, somex, somnite, sovereign, special, specials, spray, sprinkle, sr, sr1000, sr200, sr300, sr500, sr600, staphisagria, star, start, starter, states, steinhard, stephar, sterling, sterling-winthrop, sterwin, stesolid, stiripentol, stragen, strides, subcutaneous, sugar, sugar-free, sulfate, sultiame, sun, supplies, suppositories, suppository, surem, sus, suspension, suspensionoral, suspensionpregabalin40mg/1mloral, sussex, switzerland, synchrony, synthelabo, syonell, syr, syringe, syringes, syringes10, syringesmidazolam, syrup, tab, tablet, tablet1, tablet10, tablet2, tablet3, tablet4, tablet5, tablet6, tablet7, tablet8, tablet9, tabletoral, tablets, taloxa, tapclob, tariff, taro, tegretol, tensium, teril, teva, thame, theobromine, theobromine/phenobarbital/reserpine, theophylline, thornton, tiagabine, tillomed, timonil, titration, topamax, topiramate, topiramate100, topiramate100mgtabletoral, topiramate15mgcapsuleoral, topiramate200, topiramate200mgtabletoral, topiramate25, topiramate50, topiramate50mgcapsuleoral, torbay, torrent, tranxene, trileptal, trisilicate, trobalt, tube, tubes, tubespr, u.k, ucb, uk, unimed, unit, united, unlimited, upjohn, valclair, valium, valproate, valproate100, valproate1000, valproate1500, valproate2, valproate2.5, valproate200, valproate2000, valproate200mgmodified, valproate200mgmodified-release, valproate2500, valproate300, valproate300mgmodified, valproate300mgmodified-release, valproate40mg/1mloral, valproate500, valproate500mggastro, valproate500mggastro-resistant, valproate600, valproate750, valproate800, valproate900, valproateliquidoral, valproic, ventures, veriton, vial, vials, vigabatrin, vimpat, warner, warner-pd, waymade, william, winthrop, wockhardt, world, wyeth, x, xanax, yorkshire, z, zacco, zarontin, zebinix, zeneca, zentiva, zonegran, zonisamide, zonisamide100]